{"cameraMode":{"drawMode":0,"name":"Shaded","section":"Shading Mode"},"sceneLighting":true,"audioPlay":false,"sceneViewState":{"m_AlwaysRefresh":false,"showFog":true,"showSkybox":true,"showFlares":true,"showImageEffects":true,"showParticleSystems":true,"showVisualEffectGraphs":true,"m_FxEnabled":true},"in2DMode":false,"pivot":{"x":159.65118408203126,"y":36.07267379760742,"z":295.919189453125},"rotation":{"x":0.01184892188757658,"y":-0.9597983360290527,"z":0.040604569017887118,"w":0.2776419520378113},"size":40.560890197753909,"orthographic":true}