{"cameraMode":{"drawMode":0,"name":"Shaded","section":"Shading Mode"},"sceneLighting":true,"audioPlay":false,"sceneViewState":{"m_AlwaysRefresh":false,"showFog":true,"showSkybox":true,"showFlares":true,"showImageEffects":true,"showParticleSystems":true,"showVisualEffectGraphs":true,"m_FxEnabled":true},"in2DMode":false,"pivot":{"x":86.4000015258789,"y":54.70000076293945,"z":320.1000061035156},"rotation":{"x":-0.0018761748215183616,"y":0.9981656670570374,"z":-0.03775586932897568,"w":-0.04836559295654297},"size":6.433229923248291,"orthographic":true}