{"cameraMode":{"drawMode":0,"name":"Shaded","section":"Shading Mode"},"sceneLighting":true,"audioPlay":false,"sceneViewState":{"m_AlwaysRefresh":false,"showFog":true,"showSkybox":true,"showFlares":true,"showImageEffects":true,"showParticleSystems":true,"showVisualEffectGraphs":true,"m_FxEnabled":true},"in2DMode":false,"pivot":{"x":383.9557800292969,"y":85.46900177001953,"z":222.37088012695313},"rotation":{"x":-0.21587128937244416,"y":-0.44090747833251955,"z":0.11022724956274033,"w":-0.8642700910568237},"size":68.32989501953125,"orthographic":true}