{"cameraMode":{"drawMode":0,"name":"Shaded","section":"Shading Mode"},"sceneLighting":true,"audioPlay":false,"sceneViewState":{"m_AlwaysRefresh":false,"showFog":true,"showSkybox":true,"showFlares":true,"showImageEffects":true,"showParticleSystems":true,"showVisualEffectGraphs":true,"m_FxEnabled":true},"in2DMode":false,"pivot":{"x":82.15000915527344,"y":54.88510513305664,"z":322.83953857421877},"rotation":{"x":-0.023881753906607629,"y":-0.7524398565292358,"z":0.027343612164258958,"w":-0.6577557325363159},"size":8.947372436523438,"orthographic":true}